Full State Name,City / Metropolitan Area,Latitude,Longitude,Metro Pop (In-State),State Pop,% of State,% State,Resource,Status,State,% of Total MW along State,GW,Realistic GW,GW per City,Realistic GW per City,MW,Cents/KWH,C02 (lb/MWh),2024,2025,2026,2027,2028,2029,2030,2031,2032,2033,2034,SD Cents/KWH ,SD C02 (lb/MWh)
Alabama,Rural Alabama (Rural/Other),32.8067,-86.7911,"3,080,699",,59.70%,,*,Cumulative,AL,0.70%,15.7,3.925,9.3729,2.343225,"15,662",14.42,842.3,44.90%,39.90%,35.90%,31.50%,24.50%,21.40%,27.70%,25.80%,24.70%,23.70%,13.00%,1.050573736,1.097965945
Alabama,Birmingham-Hoover,33.5186,-86.8104,"1,120,000","5,157,699",21.70%,99.90%,*,Cumulative,AL,0.70%,15.7,3.925,3.4069,0.851725,"15,662",14.42,842.3,44.90%,39.90%,35.90%,31.50%,24.50%,21.40%,27.70%,25.80%,24.70%,23.70%,13.00%,1.050573736,1.097965945
Alabama,Huntsville,34.7304,-86.5861,"527,000",,10.20%,,*,Cumulative,AL,0.70%,15.7,3.925,1.6014,0.40035,"15,662",14.42,842.3,44.90%,39.90%,35.90%,31.50%,24.50%,21.40%,27.70%,25.80%,24.70%,23.70%,13.00%,1.050573736,1.097965945
Alabama,Mobile,30.6954,-88.0399,"430,000",,8.30%,,*,Cumulative,AL,0.70%,15.7,3.925,1.3031,0.325775,"15,662",14.42,842.3,44.90%,39.90%,35.90%,31.50%,24.50%,21.40%,27.70%,25.80%,24.70%,23.70%,13.00%,1.050573736,1.097965945
Arizona,Phoenix-Mesa-Chandler,33.4484,-112.074,"5,186,958","7,582,384",68.40%,100.00%,*,Cumulative,AZ,6.60%,147.6,36.9,100.9584,25.2396,"147,583",12.59,703.7,28.60%,37.00%,35.60%,31.60%,24.20%,17.40%,11.30%,7.70%,0.20%,-4.70%,-9.60%,0.917248497,0.917296255
Arizona,Rural Arizona,34.0489,-111.0937,"1,335,426",,17.60%,,*,Cumulative,AZ,6.60%,147.6,36.9,25.9776,6.4944,"147,583",12.59,703.7,28.60%,37.00%,35.60%,31.60%,24.20%,17.40%,11.30%,7.70%,0.20%,-4.70%,-9.60%,0.917248497,0.917296255
Arizona,Tucson,32.2226,-110.9747,"1,060,000",,14.00%,,*,Cumulative,AZ,6.60%,147.6,36.9,20.664,5.166,"147,583",12.59,703.7,28.60%,37.00%,35.60%,31.60%,24.20%,17.40%,11.30%,7.70%,0.20%,-4.70%,-9.60%,0.917248497,0.917296255
Arkansas,Rural Arkansas,35.201,-91.8318,"1,738,354",,56.30%,,*,Cumulative,AR,3.00%,68.4,17.1,38.5092,9.6273,"68,402",11.18,739.7,17.70%,10.30%,10.30%,13.20%,8.60%,7.10%,10.60%,8.20%,7.50%,4.20%,-2.50%,0.814522494,0.964223447
Arkansas,Little Rock-North Little Rock,34.7465,-92.2896,"760,000","3,088,354",24.60%,100.00%,*,Cumulative,AR,3.00%,68.4,17.1,16.8264,4.2066,"68,402",11.18,739.7,17.70%,10.30%,10.30%,13.20%,8.60%,7.10%,10.60%,8.20%,7.50%,4.20%,-2.50%,0.814522494,0.964223447
Arkansas,Fayetteville-Springdale,36.0626,-94.1574,"590,000",,19.10%,,*,Cumulative,AR,3.00%,68.4,17.1,13.0644,3.2661,"68,402",11.18,739.7,17.70%,10.30%,10.30%,13.20%,8.60%,7.10%,10.60%,8.20%,7.50%,4.20%,-2.50%,0.814522494,0.964223447
California,Los Angeles-Long Beach-Anaheim,34.0522,-118.2437,"12,927,614","39,431,263",32.80%,99.90%,*,Cumulative,CA,11.40%,257.3,64.325,84.3944,21.0986,"257,285",30.35,428.5,38.60%,45.50%,45.20%,38.40%,43.10%,28.80%,29.60%,23.30%,25.00%,15.20%,11.10%,2.211159007,0.558563941
California,Riverside-San Bernardino,33.9533,-117.3961,"4,744,214",,12.00%,,*,Cumulative,CA,11.40%,257.3,64.325,30.876,7.719,"257,285",30.35,428.5,38.60%,45.50%,45.20%,38.40%,43.10%,28.80%,29.60%,23.30%,25.00%,15.20%,11.10%,2.211159007,0.558563941
California,Rural California,37.1661,-119.4494,"4,733,539",,12.00%,,*,Cumulative,CA,11.40%,257.3,64.325,30.876,7.719,"257,285",30.35,428.5,38.60%,45.50%,45.20%,38.40%,43.10%,28.80%,29.60%,23.30%,25.00%,15.20%,11.10%,2.211159007,0.558563941
California,San Francisco-Oakland,37.7749,-122.4194,"4,648,486",,11.80%,,*,Cumulative,CA,11.40%,257.3,64.325,30.3614,7.59035,"257,285",30.35,428.5,38.60%,45.50%,45.20%,38.40%,43.10%,28.80%,29.60%,23.30%,25.00%,15.20%,11.10%,2.211159007,0.558563941
California,San Diego-Chula Vista,32.7157,-117.1611,"3,298,799",,8.40%,,*,Cumulative,CA,11.40%,257.3,64.325,21.6132,5.4033,"257,285",30.35,428.5,38.60%,45.50%,45.20%,38.40%,43.10%,28.80%,29.60%,23.30%,25.00%,15.20%,11.10%,2.211159007,0.558563941
California,Sacramento-Roseville,38.5816,-121.4944,"2,463,127",,6.20%,,*,Cumulative,CA,11.40%,257.3,64.325,15.9526,3.98815,"257,285",30.35,428.5,38.60%,45.50%,45.20%,38.40%,43.10%,28.80%,29.60%,23.30%,25.00%,15.20%,11.10%,2.211159007,0.558563941
California,San Jose-Sunnyvale,37.3382,-121.8863,"1,995,484",,5.10%,,*,Cumulative,CA,11.40%,257.3,64.325,13.1223,3.280575,"257,285",30.35,428.5,38.60%,45.50%,45.20%,38.40%,43.10%,28.80%,29.60%,23.30%,25.00%,15.20%,11.10%,2.211159007,0.558563941
California,Fresno,36.7378,-119.7871,"1,020,000",,2.60%,,*,Cumulative,CA,11.40%,257.3,64.325,6.6898,1.67245,"257,285",30.35,428.5,38.60%,45.50%,45.20%,38.40%,43.10%,28.80%,29.60%,23.30%,25.00%,15.20%,11.10%,2.211159007,0.558563941
California,Bakersfield,35.3733,-119.0187,"920,000",,2.30%,,*,Cumulative,CA,11.40%,257.3,64.325,5.9179,1.479475,"257,285",30.35,428.5,38.60%,45.50%,45.20%,38.40%,43.10%,28.80%,29.60%,23.30%,25.00%,15.20%,11.10%,2.211159007,0.558563941
California,Oxnard-Thousand Oaks,34.1975,-119.1771,"840,000",,2.10%,,*,Cumulative,CA,11.40%,257.3,64.325,5.4033,1.350825,"257,285",30.35,428.5,38.60%,45.50%,45.20%,38.40%,43.10%,28.80%,29.60%,23.30%,25.00%,15.20%,11.10%,2.211159007,0.558563941
California,Stockton,37.9577,-121.2908,"800,000",,2.00%,,*,Cumulative,CA,11.40%,257.3,64.325,5.146,1.2865,"257,285",30.35,428.5,38.60%,45.50%,45.20%,38.40%,43.10%,28.80%,29.60%,23.30%,25.00%,15.20%,11.10%,2.211159007,0.558563941
California,Modesto,37.6391,-120.9969,"560,000",,1.40%,,*,Cumulative,CA,11.40%,257.3,64.325,3.6022,0.90055,"257,285",30.35,428.5,38.60%,45.50%,45.20%,38.40%,43.10%,28.80%,29.60%,23.30%,25.00%,15.20%,11.10%,2.211159007,0.558563941
California,Santa Rosa,38.4404,-122.7141,"480,000",,1.20%,,*,Cumulative,CA,11.40%,257.3,64.325,3.0876,0.7719,"257,285",30.35,428.5,38.60%,45.50%,45.20%,38.40%,43.10%,28.80%,29.60%,23.30%,25.00%,15.20%,11.10%,2.211159007,0.558563941
Colorado,Denver-Aurora-Centennial,39.7392,-104.9903,"3,052,498","5,957,493",51.20%,99.90%,*,Cumulative,CO,1.30%,28.6,7.15,14.6432,3.6608,"28,639",13.58,"1,036.60",34.50%,40.30%,38.90%,35.60%,30.70%,24.50%,18.30%,12.20%,10.20%,8.10%,5.90%,0.989375266,1.35124243
Colorado,Rural Colorado,39.5501,-105.7821,"2,134,995",,35.80%,,*,Cumulative,CO,1.30%,28.6,7.15,10.2388,2.5597,"28,639",13.58,"1,036.60",34.50%,40.30%,38.90%,35.60%,30.70%,24.50%,18.30%,12.20%,10.20%,8.10%,5.90%,0.989375266,1.35124243
Colorado,Colorado Springs,38.8339,-104.8214,"770,000",,12.90%,,*,Cumulative,CO,1.30%,28.6,7.15,3.6894,0.92235,"28,639",13.58,"1,036.60",34.50%,40.30%,38.90%,35.60%,30.70%,24.50%,18.30%,12.20%,10.20%,8.10%,5.90%,0.989375266,1.35124243
Connecticut,Hartford-West Hartford,41.7658,-72.6734,"1,220,000","3,675,069",33.20%,100.00%,*,Cumulative,CT,0.40%,9.7,2.425,3.2204,0.8051,"9,658",21.95,539.3,20.40%,25.00%,25.00%,26.30%,24.90%,23.50%,22.00%,20.10%,19.70%,17.10%,14.60%,1.599174306,0.70299541
Connecticut,Bridgeport-Stamford,41.1792,-73.1894,"960,000",,26.10%,,*,Cumulative,CT,0.40%,9.7,2.425,2.5317,0.632925,"9,658",21.95,539.3,20.40%,25.00%,25.00%,26.30%,24.90%,23.50%,22.00%,20.10%,19.70%,17.10%,14.60%,1.599174306,0.70299541
Connecticut,New Haven-Milford,41.3083,-72.9279,"870,000",,23.70%,,*,Cumulative,CT,0.40%,9.7,2.425,2.2989,0.574725,"9,658",21.95,539.3,20.40%,25.00%,25.00%,26.30%,24.90%,23.50%,22.00%,20.10%,19.70%,17.10%,14.60%,1.599174306,0.70299541
Connecticut,Rural Connecticut,41.6032,-72.7,"625,069",,17.00%,,*,Cumulative,CT,0.40%,9.7,2.425,1.649,0.41225,"9,658",21.95,539.3,20.40%,25.00%,25.00%,26.30%,24.90%,23.50%,22.00%,20.10%,19.70%,17.10%,14.60%,1.599174306,0.70299541
Delaware,Wilmington (New Castle County),39.7447,-75.5484,"578,592","1,051,917",55.00%,100.00%,*,Cumulative,DE,0.10%,2.5,0.625,1.375,0.34375,"2,476",12.57,596.9,29.80%,34.90%,35.70%,28.10%,21.40%,18.20%,23.10%,21.60%,20.10%,18.50%,10.30%,0.915791391,0.778078918
Delaware,Rural Delaware,38.9108,-75.5277,"283,325",,26.90%,,*,Cumulative,DE,0.10%,2.5,0.625,0.6725,0.168125,"2,476",12.57,596.9,29.80%,34.90%,35.70%,28.10%,21.40%,18.20%,23.10%,21.60%,20.10%,18.50%,10.30%,0.915791391,0.778078918
Delaware,Dover,39.1582,-75.5244,"190,000",,18.10%,,*,Cumulative,DE,0.10%,2.5,0.625,0.4525,0.113125,"2,476",12.57,596.9,29.80%,34.90%,35.70%,28.10%,21.40%,18.20%,23.10%,21.60%,20.10%,18.50%,10.30%,0.915791391,0.778078918
Florida,Miami-Fort Lauderdale,25.7617,-80.1918,"6,457,988","23,372,215",27.60%,99.90%,*,Cumulative,FL,1.00%,22,5.5,6.072,1.518,"21,968",11.6,782.3,27.00%,25.40%,26.00%,23.20%,22.10%,20.90%,18.40%,22.00%,20.40%,18.20%,16.00%,0.845121729,1.019753958
Florida,Rural Florida,27.6648,-81.5158,"4,308,606",,18.40%,,*,Cumulative,FL,1.00%,22,5.5,4.048,1.012,"21,968",11.6,782.3,27.00%,25.40%,26.00%,23.20%,22.10%,20.90%,18.40%,22.00%,20.40%,18.20%,16.00%,0.845121729,1.019753958
Florida,Tampa-St. Petersburg,27.9506,-82.4572,"3,424,560",,14.70%,,*,Cumulative,FL,1.00%,22,5.5,3.234,0.8085,"21,968",11.6,782.3,27.00%,25.40%,26.00%,23.20%,22.10%,20.90%,18.40%,22.00%,20.40%,18.20%,16.00%,0.845121729,1.019753958
Florida,Orlando-Kissimmee,28.5383,-81.3792,"2,940,513",,12.60%,,*,Cumulative,FL,1.00%,22,5.5,2.772,0.693,"21,968",11.6,782.3,27.00%,25.40%,26.00%,23.20%,22.10%,20.90%,18.40%,22.00%,20.40%,18.20%,16.00%,0.845121729,1.019753958
Florida,Jacksonville,30.3322,-81.6557,"1,760,548",,7.50%,,*,Cumulative,FL,1.00%,22,5.5,1.65,0.4125,"21,968",11.6,782.3,27.00%,25.40%,26.00%,23.20%,22.10%,20.90%,18.40%,22.00%,20.40%,18.20%,16.00%,0.845121729,1.019753958
Florida,North Port-Sarasota,27.3364,-82.5307,"910,000",,3.90%,,*,Cumulative,FL,1.00%,22,5.5,0.858,0.2145,"21,968",11.6,782.3,27.00%,25.40%,26.00%,23.20%,22.10%,20.90%,18.40%,22.00%,20.40%,18.20%,16.00%,0.845121729,1.019753958
Florida,Cape Coral-Fort Myers,26.5629,-81.9495,"850,000",,3.60%,,*,Cumulative,FL,1.00%,22,5.5,0.792,0.198,"21,968",11.6,782.3,27.00%,25.40%,26.00%,23.20%,22.10%,20.90%,18.40%,22.00%,20.40%,18.20%,16.00%,0.845121729,1.019753958
Florida,Lakeland-Winter Haven,28.0395,-81.9498,"820,000",,3.50%,,*,Cumulative,FL,1.00%,22,5.5,0.77,0.1925,"21,968",11.6,782.3,27.00%,25.40%,26.00%,23.20%,22.10%,20.90%,18.40%,22.00%,20.40%,18.20%,16.00%,0.845121729,1.019753958
Florida,Deltona-Daytona Beach,28.9006,-81.2637,"720,000",,3.10%,,*,Cumulative,FL,1.00%,22,5.5,0.682,0.1705,"21,968",11.6,782.3,27.00%,25.40%,26.00%,23.20%,22.10%,20.90%,18.40%,22.00%,20.40%,18.20%,16.00%,0.845121729,1.019753958
Florida,Palm Bay-Melbourne,28.0836,-80.6081,"640,000",,2.70%,,*,Cumulative,FL,1.00%,22,5.5,0.594,0.1485,"21,968",11.6,782.3,27.00%,25.40%,26.00%,23.20%,22.10%,20.90%,18.40%,22.00%,20.40%,18.20%,16.00%,0.845121729,1.019753958
Florida,Port St. Lucie,27.273,-80.3582,"540,000",,2.30%,,*,Cumulative,FL,1.00%,22,5.5,0.506,0.1265,"21,968",11.6,782.3,27.00%,25.40%,26.00%,23.20%,22.10%,20.90%,18.40%,22.00%,20.40%,18.20%,16.00%,0.845121729,1.019753958
Georgia,Atlanta-Sandy Springs,33.749,-84.388,"6,411,149","11,180,878",57.30%,100.00%,*,Cumulative,GA,2.40%,53,13.25,30.369,7.59225,"52,986",11.24,842.3,44.90%,39.90%,35.90%,31.50%,24.50%,21.40%,27.70%,25.80%,24.70%,23.70%,13.00%,0.818893813,1.097965945
Georgia,Rural Georgia,32.1656,-82.9001,"3,939,729",,35.20%,,*,Cumulative,GA,2.40%,53,13.25,18.656,4.664,"52,986",11.24,842.3,44.90%,39.90%,35.90%,31.50%,24.50%,21.40%,27.70%,25.80%,24.70%,23.70%,13.00%,0.818893813,1.097965945
Georgia,Augusta (GA Portion),33.4735,-82.0105,"420,000",,3.80%,,*,Cumulative,GA,2.40%,53,13.25,2.014,0.5035,"52,986",11.24,842.3,44.90%,39.90%,35.90%,31.50%,24.50%,21.40%,27.70%,25.80%,24.70%,23.70%,13.00%,0.818893813,1.097965945
Georgia,Savannah,32.0809,-81.0912,"410,000",,3.70%,,*,Cumulative,GA,2.40%,53,13.25,1.961,0.49025,"52,986",11.24,842.3,44.90%,39.90%,35.90%,31.50%,24.50%,21.40%,27.70%,25.80%,24.70%,23.70%,13.00%,0.818893813,1.097965945
Idaho,Rural Idaho,44.2405,-114.4788,"991,619",,49.54%,,*,Cumulative,ID,0.80%,19.1,4.775,9.46214,2.365535,"19,103",10.02,631.7,34.50%,40.30%,38.90%,35.60%,30.70%,24.50%,18.30%,12.20%,10.20%,8.10%,5.90%,0.730010321,0.823441871
Idaho,Boise City,43.615,-116.2023,"820,000","2,001,619",41.00%,100.04%,*,Cumulative,ID,0.80%,19.1,4.775,7.831,1.95775,"19,103",10.02,631.7,34.50%,40.30%,38.90%,35.60%,30.70%,24.50%,18.30%,12.20%,10.20%,8.10%,5.90%,0.730010321,0.823441871
Idaho,Coeur d'Alene,47.6777,-116.7804,"190,000",,9.50%,,*,Cumulative,ID,0.80%,19.1,4.775,1.8145,0.453625,"19,103",10.02,631.7,34.50%,40.30%,38.90%,35.60%,30.70%,24.50%,18.30%,12.20%,10.20%,8.10%,5.90%,0.730010321,0.823441871
Illinois,Chicago-Naperville (IL Portion),41.8781,-87.6298,"8,900,000","12,710,158",70.00%,99.94%,*,Cumulative,IL,4.50%,100.7,25.175,70.49,17.6225,"100,655",14.03,"1,239.80",29.80%,34.90%,35.70%,28.10%,21.40%,18.20%,23.10%,21.60%,20.10%,18.50%,10.30%,1.02216016,1.61612036
Illinois,Rural Illinois,40.6331,-89.3985,"3,475,158",,27.34%,,*,Cumulative,IL,4.50%,100.7,25.175,27.53138,6.882845,"100,655",14.03,"1,239.80",29.80%,34.90%,35.70%,28.10%,21.40%,18.20%,23.10%,21.60%,20.10%,18.50%,10.30%,1.02216016,1.61612036
Illinois,Rockford,42.2711,-89.094,"335,000",,2.60%,,*,Cumulative,IL,4.50%,100.7,25.175,2.6182,0.65455,"100,655",14.03,"1,239.80",29.80%,34.90%,35.70%,28.10%,21.40%,18.20%,23.10%,21.60%,20.10%,18.50%,10.30%,1.02216016,1.61612036
Indiana,Rural Indiana,40.2672,-86.1349,"4,319,442",,62.40%,,*,Cumulative,IN,3.80%,85,21.25,53.04,13.26,"84,969",14.11,911.4,17.70%,10.30%,10.30%,13.20%,8.60%,7.10%,10.60%,8.20%,7.50%,4.20%,-2.50%,1.027988586,1.188040084
Indiana,Indianapolis-Carmel,39.7684,-86.1581,"2,174,833","6,924,275",31.40%,100.00%,*,Cumulative,IN,3.80%,85,21.25,26.69,6.6725,"84,969",14.11,911.4,17.70%,10.30%,10.30%,13.20%,8.60%,7.10%,10.60%,8.20%,7.50%,4.20%,-2.50%,1.027988586,1.188040084
Indiana,Fort Wayne,41.0793,-85.1394,"430,000",,6.20%,,*,Cumulative,IN,3.80%,85,21.25,5.27,1.3175,"84,969",14.11,911.4,17.70%,10.30%,10.30%,13.20%,8.60%,7.10%,10.60%,8.20%,7.50%,4.20%,-2.50%,1.027988586,1.188040084
Iowa,Rural Iowa,41.878,-93.0977,"2,221,488",,68.53%,,*,Cumulative,IA,1.00%,21.7,5.425,14.87101,3.7177525,"21,698",11.66,920.1,17.70%,10.30%,10.30%,13.20%,8.60%,7.10%,10.60%,8.20%,7.50%,4.20%,-2.50%,0.849493048,1.199380822
Iowa,Des Moines-West Des Moines,41.5868,-93.625,"740,000","3,241,488",22.80%,99.93%,*,Cumulative,IA,1.00%,21.7,5.425,4.9476,1.2369,"21,698",11.66,920.1,17.70%,10.30%,10.30%,13.20%,8.60%,7.10%,10.60%,8.20%,7.50%,4.20%,-2.50%,0.849493048,1.199380822
Iowa,Cedar Rapids,41.9779,-91.6656,"280,000",,8.60%,,*,Cumulative,IA,1.00%,21.7,5.425,1.8662,0.46655,"21,698",11.66,920.1,17.70%,10.30%,10.30%,13.20%,8.60%,7.10%,10.60%,8.20%,7.50%,4.20%,-2.50%,0.849493048,1.199380822
Kansas,Rural Kansas,39.0119,-98.4842,"1,390,606",,46.80%,,*,Cumulative,KS,1.30%,29.1,7.275,13.6188,3.4047,"29,061",12.03,862,28.30%,26.70%,26.00%,25.00%,20.80%,19.10%,26.70%,24.90%,23.50%,22.40%,8.10%,0.876449517,1.123645548
Kansas,Kansas City (KS Portion),39.1155,-94.6268,"925,000","2,970,606",31.10%,99.90%,*,Cumulative,KS,1.30%,29.1,7.275,9.0501,2.262525,"29,061",12.03,862,28.30%,26.70%,26.00%,25.00%,20.80%,19.10%,26.70%,24.90%,23.50%,22.40%,8.10%,0.876449517,1.123645548
Kansas,Wichita,37.6872,-97.3301,"655,000",,22.00%,,*,Cumulative,KS,1.30%,29.1,7.275,6.402,1.6005,"29,061",12.03,862,28.30%,26.70%,26.00%,25.00%,20.80%,19.10%,26.70%,24.90%,23.50%,22.40%,8.10%,0.876449517,1.123645548
Kentucky,Rural Kentucky,37.8393,-84.27,"3,013,372",,65.70%,,*,Cumulative,KY,1.20%,27.1,6.775,17.8047,4.451175,"27,093",12.26,898.1,44.90%,39.90%,35.90%,31.50%,24.50%,21.40%,27.70%,25.80%,24.70%,23.70%,13.00%,0.893206241,1.170703093
Kentucky,Louisville (KY Portion),38.2527,-85.7585,"1,050,000","4,588,372",22.90%,100.00%,*,Cumulative,KY,1.20%,27.1,6.775,6.2059,1.551475,"27,093",12.26,898.1,44.90%,39.90%,35.90%,31.50%,24.50%,21.40%,27.70%,25.80%,24.70%,23.70%,13.00%,0.893206241,1.170703093
Kentucky,Lexington-Fayette,38.0406,-84.5037,"525,000",,11.40%,,*,Cumulative,KY,1.20%,27.1,6.775,3.0894,0.77235,"27,093",12.26,898.1,44.90%,39.90%,35.90%,31.50%,24.50%,21.40%,27.70%,25.80%,24.70%,23.70%,13.00%,0.893206241,1.170703093
Louisiana,Rural Louisiana,30.9843,-91.9623,"1,617,740",,35.20%,,*,Cumulative,LA,2.10%,48.2,12.05,16.9664,4.2416,"48,155",10.61,739.7,17.70%,10.30%,10.30%,13.20%,8.60%,7.10%,10.60%,8.20%,7.50%,4.20%,-2.50%,0.772994961,0.964223447
Louisiana,New Orleans-Metairie,29.9511,-90.0715,"1,230,000","4,597,740",26.80%,100.00%,*,Cumulative,LA,2.10%,48.2,12.05,12.9176,3.2294,"48,155",10.61,739.7,17.70%,10.30%,10.30%,13.20%,8.60%,7.10%,10.60%,8.20%,7.50%,4.20%,-2.50%,0.772994961,0.964223447
Louisiana,Baton Rouge,30.4515,-91.1871,"880,000",,19.10%,,*,Cumulative,LA,2.10%,48.2,12.05,9.2062,2.30155,"48,155",10.61,739.7,17.70%,10.30%,10.30%,13.20%,8.60%,7.10%,10.60%,8.20%,7.50%,4.20%,-2.50%,0.772994961,0.964223447
Louisiana,Lafayette,30.2241,-92.0198,"480,000",,10.40%,,*,Cumulative,LA,2.10%,48.2,12.05,5.0128,1.2532,"48,155",10.61,739.7,17.70%,10.30%,10.30%,13.20%,8.60%,7.10%,10.60%,8.20%,7.50%,4.20%,-2.50%,0.772994961,0.964223447
Louisiana,Shreveport,32.5252,-93.7502,"390,000",,8.50%,,*,Cumulative,LA,2.10%,48.2,12.05,4.097,1.02425,"48,155",10.61,739.7,17.70%,10.30%,10.30%,13.20%,8.60%,7.10%,10.60%,8.20%,7.50%,4.20%,-2.50%,0.772994961,0.964223447
Maine,Rural Maine,45.2538,-69.4455,"690,012",,49.11%,,*,Cumulative,ME,0.30%,6.1,1.525,2.99571,0.7489275,"6,110",21.14,539.3,20.40%,25.00%,25.00%,26.30%,24.90%,23.50%,22.00%,20.10%,19.70%,17.10%,14.60%,1.540161496,0.70299541
Maine,Portland-South Portland,43.6615,-70.2553,"560,000","1,405,012",39.90%,100.01%,*,Cumulative,ME,0.30%,6.1,1.525,2.4339,0.608475,"6,110",21.14,539.3,20.40%,25.00%,25.00%,26.30%,24.90%,23.50%,22.00%,20.10%,19.70%,17.10%,14.60%,1.540161496,0.70299541
Maine,Bangor,44.8016,-68.7712,"155,000",,11.00%,,*,Cumulative,ME,0.30%,6.1,1.525,0.671,0.16775,"6,110",21.14,539.3,20.40%,25.00%,25.00%,26.30%,24.90%,23.50%,22.00%,20.10%,19.70%,17.10%,14.60%,1.540161496,0.70299541
Maryland,Baltimore-Columbia-Towson,39.2904,-76.6122,"2,859,024","6,263,220",45.60%,100.00%,*,Cumulative,MD,0.40%,8,2,3.648,0.912,"8,038",15.13,596.9,29.80%,34.90%,35.70%,28.10%,21.40%,18.20%,23.10%,21.60%,20.10%,18.50%,10.30%,1.102301014,0.778078918
Maryland,Washington DC Metro (MD Portion),38.9897,-77.0919,"2,560,379",,40.90%,,*,Cumulative,MD,0.40%,8,2,3.272,0.818,"8,038",15.13,596.9,29.80%,34.90%,35.70%,28.10%,21.40%,18.20%,23.10%,21.60%,20.10%,18.50%,10.30%,1.102301014,0.778078918
Maryland,Rural Maryland,39.0458,-76.6413,"843,817",,13.50%,,*,Cumulative,MD,0.40%,8,2,1.08,0.27,"8,038",15.13,596.9,29.80%,34.90%,35.70%,28.10%,21.40%,18.20%,23.10%,21.60%,20.10%,18.50%,10.30%,1.102301014,0.778078918
Massachusetts,Boston-Cambridge (MA Portion),42.3601,-71.0589,"4,450,000","7,136,171",62.40%,100.00%,*,Cumulative,MA,1.00%,23,5.75,14.352,3.588,"23,024",22.08,539.3,20.40%,25.00%,25.00%,26.30%,24.90%,23.50%,22.00%,20.10%,19.70%,17.10%,14.60%,1.608645498,0.70299541
Massachusetts,Rural Massachusetts,42.4072,-71.3824,"1,011,171",,14.20%,,*,Cumulative,MA,1.00%,23,5.75,3.266,0.8165,"23,024",22.08,539.3,20.40%,25.00%,25.00%,26.30%,24.90%,23.50%,22.00%,20.10%,19.70%,17.10%,14.60%,1.608645498,0.70299541
Massachusetts,Worcester,42.2626,-71.8023,"980,000",,13.70%,,*,Cumulative,MA,1.00%,23,5.75,3.151,0.78775,"23,024",22.08,539.3,20.40%,25.00%,25.00%,26.30%,24.90%,23.50%,22.00%,20.10%,19.70%,17.10%,14.60%,1.608645498,0.70299541
Massachusetts,Springfield,42.1015,-72.5898,"695,000",,9.70%,,*,Cumulative,MA,1.00%,23,5.75,2.231,0.55775,"23,024",22.08,539.3,20.40%,25.00%,25.00%,26.30%,24.90%,23.50%,22.00%,20.10%,19.70%,17.10%,14.60%,1.608645498,0.70299541
Michigan,Detroit-Warren-Dearborn,42.3314,-83.0458,"4,400,578","10,140,459",43.40%,100.00%,*,Cumulative,MI,2.30%,51.5,12.875,22.351,5.58775,"51,542",14.4,970.6,17.70%,10.30%,10.30%,13.20%,8.60%,7.10%,10.60%,8.20%,7.50%,4.20%,-2.50%,1.049116629,1.265209244
Michigan,Rural Michigan,44.3148,-85.6024,"4,034,881",,39.80%,,*,Cumulative,MI,2.30%,51.5,12.875,20.497,5.12425,"51,542",14.4,970.6,17.70%,10.30%,10.30%,13.20%,8.60%,7.10%,10.60%,8.20%,7.50%,4.20%,-2.50%,1.049116629,1.265209244
Michigan,Grand Rapids-Kentwood,42.9634,-85.6681,"1,160,000",,11.40%,,*,Cumulative,MI,2.30%,51.5,12.875,5.871,1.46775,"51,542",14.4,970.6,17.70%,10.30%,10.30%,13.20%,8.60%,7.10%,10.60%,8.20%,7.50%,4.20%,-2.50%,1.049116629,1.265209244
Michigan,Lansing-East Lansing,42.7325,-84.5555,"545,000",,5.40%,,*,Cumulative,MI,2.30%,51.5,12.875,2.781,0.69525,"51,542",14.4,970.6,17.70%,10.30%,10.30%,13.20%,8.60%,7.10%,10.60%,8.20%,7.50%,4.20%,-2.50%,1.049116629,1.265209244
Minnesota,Minneapolis-St. Paul (MN Portion),44.9778,-93.265,"3,450,000","5,793,151",59.60%,100.05%,*,Cumulative,MN,1.20%,26,6.5,15.496,3.874,"25,951",13.19,920.1,17.70%,10.30%,10.30%,13.20%,8.60%,7.10%,10.60%,8.20%,7.50%,4.20%,-2.50%,0.96096169,1.199380822
Minnesota,Rural Minnesota,46.7296,-94.6859,"2,048,151",,35.35%,,*,Cumulative,MN,1.20%,26,6.5,9.191,2.29775,"25,951",13.19,920.1,17.70%,10.30%,10.30%,13.20%,8.60%,7.10%,10.60%,8.20%,7.50%,4.20%,-2.50%,0.96096169,1.199380822
Minnesota,Duluth,46.7867,-92.1005,"295,000",,5.10%,,*,Cumulative,MN,1.20%,26,6.5,1.326,0.3315,"25,951",13.19,920.1,17.70%,10.30%,10.30%,13.20%,8.60%,7.10%,10.60%,8.20%,7.50%,4.20%,-2.50%,0.96096169,1.199380822
Mississippi,Rural Mississippi,32.3547,-89.3985,"1,938,045",,65.85%,,*,Cumulative,MS,1.80%,39.8,9.95,26.2083,6.552075,"39,777",12.89,739.7,17.70%,10.30%,10.30%,13.20%,8.60%,7.10%,10.60%,8.20%,7.50%,4.20%,-2.50%,0.939105094,0.964223447
Mississippi,Jackson,32.2988,-90.1848,"585,000","2,943,045",19.90%,100.05%,*,Cumulative,MS,1.80%,39.8,9.95,7.9202,1.98005,"39,777",12.89,739.7,17.70%,10.30%,10.30%,13.20%,8.60%,7.10%,10.60%,8.20%,7.50%,4.20%,-2.50%,0.939105094,0.964223447
Mississippi,Gulfport-Biloxi,30.3674,-89.0928,"420,000",,14.30%,,*,Cumulative,MS,1.80%,39.8,9.95,5.6914,1.42285,"39,777",12.89,739.7,17.70%,10.30%,10.30%,13.20%,8.60%,7.10%,10.60%,8.20%,7.50%,4.20%,-2.50%,0.939105094,0.964223447
Missouri,Rural Missouri,37.9643,-91.8318,"2,255,466",,36.10%,,*,Cumulative,MO,1.40%,32,8,11.552,2.888,"32,011",12.53,"1,239.80",34.50%,40.30%,38.90%,35.60%,30.70%,24.50%,18.30%,12.20%,10.20%,8.10%,5.90%,0.912877178,1.61612036
Missouri,St. Louis (MO Portion),38.627,-90.1994,"2,200,000","6,245,466",35.20%,99.90%,*,Cumulative,MO,1.40%,32,8,11.264,2.816,"32,011",12.53,"1,239.80",34.50%,40.30%,38.90%,35.60%,30.70%,24.50%,18.30%,12.20%,10.20%,8.10%,5.90%,0.912877178,1.61612036
Missouri,Kansas City (MO Portion),39.0997,-94.5786,"1,300,000",,20.80%,,*,Cumulative,MO,1.40%,32,8,6.656,1.664,"32,011",12.53,"1,239.80",34.50%,40.30%,38.90%,35.60%,30.70%,24.50%,18.30%,12.20%,10.20%,8.10%,5.90%,0.912877178,1.61612036
Missouri,Springfield,37.209,-93.2923,"490,000",,7.80%,,*,Cumulative,MO,1.40%,32,8,2.496,0.624,"32,011",12.53,"1,239.80",34.50%,40.30%,38.90%,35.60%,30.70%,24.50%,18.30%,12.20%,10.20%,8.10%,5.90%,0.912877178,1.61612036
Montana,Rural Montana,46.8797,-110.3626,"822,233",,72.30%,,*,Cumulative,MT,0.70%,16.1,4.025,11.6403,2.910075,"16,053",12.94,631.7,o,40.30%,38.90%,35.60%,30.70%,24.50%,18.30%,12.20%,10.20%,8.10%,5.90%,0.94274786,0.823441871
Montana,Billings,45.7833,-108.5007,"190,000","1,137,233",16.70%,100.00%,*,Cumulative,MT,0.70%,16.1,4.025,2.6887,0.672175,"16,053",12.94,631.7,o,40.30%,38.90%,35.60%,30.70%,24.50%,18.30%,12.20%,10.20%,8.10%,5.90%,0.94274786,0.823441871
Montana,Missoula,46.8787,-113.9966,"125,000",,11.00%,,*,Cumulative,MT,0.70%,16.1,4.025,1.771,0.44275,"16,053",12.94,631.7,o,40.30%,38.90%,35.60%,30.70%,24.50%,18.30%,12.20%,10.20%,8.10%,5.90%,0.94274786,0.823441871
Nebraska,Omaha (NE Portion),41.2565,-95.9345,"850,000","2,005,465",42.40%,100.00%,*,Cumulative,NE,0.80%,18.1,4.525,7.6744,1.9186,"18,121",9.44,920.1,28.30%,26.70%,26.00%,25.00%,20.80%,19.10%,26.70%,24.90%,23.50%,22.40%,8.10%,0.687754235,1.199380822
Nebraska,Rural Nebraska,41.4925,-99.9018,"810,465",,40.40%,,*,Cumulative,NE,0.80%,18.1,4.525,7.3124,1.8281,"18,121",9.44,920.1,28.30%,26.70%,26.00%,25.00%,20.80%,19.10%,26.70%,24.90%,23.50%,22.40%,8.10%,0.687754235,1.199380822
Nebraska,Lincoln,40.8136,-96.7026,"345,000",,17.20%,,*,Cumulative,NE,0.80%,18.1,4.525,3.1132,0.7783,"18,121",9.44,920.1,28.30%,26.70%,26.00%,25.00%,20.80%,19.10%,26.70%,24.90%,23.50%,22.40%,8.10%,0.687754235,1.199380822
Nevada,Las Vegas-Henderson,36.1699,-115.1398,"2,398,871","3,267,467",73.40%,100.00%,*,Cumulative,NV,3.00%,67,16.75,49.178,12.2945,"67,034",9.86,631.7,28.60%,37.00%,35.60%,31.60%,24.20%,17.40%,11.30%,7.70%,0.20%,-4.70%,-9.60%,0.71835347,0.823441871
Nevada,Reno,39.5296,-119.8138,"505,000",,15.50%,,*,Cumulative,NV,3.00%,67,16.75,10.385,2.59625,"67,034",9.86,631.7,28.60%,37.00%,35.60%,31.60%,24.20%,17.40%,11.30%,7.70%,0.20%,-4.70%,-9.60%,0.71835347,0.823441871
Nevada,Rural Nevada,38.8026,-116.4194,"363,596",,11.10%,,*,Cumulative,NV,3.00%,67,16.75,7.437,1.85925,"67,034",9.86,631.7,28.60%,37.00%,35.60%,31.60%,24.20%,17.40%,11.30%,7.70%,0.20%,-4.70%,-9.60%,0.71835347,0.823441871
New Hampshire,Rural New Hampshire,43.1939,-71.5724,"527,746",,37.50%,,*,Cumulative,NH,0.00%,0.4,0.1,0.15,0.0375,429,20.81,539.3,20.40%,25.00%,25.00%,26.30%,24.90%,23.50%,22.00%,20.10%,19.70%,17.10%,14.60%,1.51611924,0.70299541
New Hampshire,Seacoast Region,43.0718,-70.7626,"453,932",,32.20%,,*,Cumulative,NH,0.00%,0.4,0.1,0.1288,0.0322,429,20.81,539.3,20.40%,25.00%,25.00%,26.30%,24.90%,23.50%,22.00%,20.10%,19.70%,17.10%,14.60%,1.51611924,0.70299541
New Hampshire,Manchester-Nashua,42.9956,-71.4548,"427,354","1,409,032",30.30%,100.00%,*,Cumulative,NH,0.00%,0.4,0.1,0.1212,0.0303,429,20.81,539.3,20.40%,25.00%,25.00%,26.30%,24.90%,23.50%,22.00%,20.10%,19.70%,17.10%,14.60%,1.51611924,0.70299541
New Jersey,Rural New Jersey,40.0583,-74.4057,"3,538,173",,37.20%,,*,Cumulative,NJ,1.10%,24.6,6.15,9.1512,2.2878,"24,567",17.31,596.9,29.80%,34.90%,35.70%,28.10%,21.40%,18.20%,23.10%,21.60%,20.10%,18.50%,10.30%,1.261125615,0.778078918
New Jersey,New Brunswick-Lakewood Div,40.4862,-74.4518,"2,380,000",,25.00%,,*,Cumulative,NJ,1.10%,24.6,6.15,6.15,1.5375,"24,567",17.31,596.9,29.80%,34.90%,35.70%,28.10%,21.40%,18.20%,23.10%,21.60%,20.10%,18.50%,10.30%,1.261125615,0.778078918
New Jersey,Newark Div (North NJ),40.7357,-74.1724,"2,277,892","9,500,851",24.00%,99.90%,*,Cumulative,NJ,1.10%,24.6,6.15,5.904,1.476,"24,567",17.31,596.9,29.80%,34.90%,35.70%,28.10%,21.40%,18.20%,23.10%,21.60%,20.10%,18.50%,10.30%,1.261125615,0.778078918
New Jersey,Camden Div (South NJ),39.9259,-75.1196,"1,304,786",,13.70%,,*,Cumulative,NJ,1.10%,24.6,6.15,3.3702,0.84255,"24,567",17.31,596.9,29.80%,34.90%,35.70%,28.10%,21.40%,18.20%,23.10%,21.60%,20.10%,18.50%,10.30%,1.261125615,0.778078918
New Mexico,Rural New Mexico,34.5199,-105.8701,"980,256",,46.02%,,*,Cumulative,NM,1.60%,36.4,9.1,16.75128,4.18782,"36,381",12.34,703.7,28.60%,37.00%,35.60%,31.60%,24.20%,17.40%,11.30%,7.70%,0.20%,-4.70%,-9.60%,0.899034667,0.917296255
New Mexico,Albuquerque,35.0844,-106.6504,"925,000","2,130,256",43.40%,100.02%,*,Cumulative,NM,1.60%,36.4,9.1,15.7976,3.9494,"36,381",12.34,703.7,28.60%,37.00%,35.60%,31.60%,24.20%,17.40%,11.30%,7.70%,0.20%,-4.70%,-9.60%,0.899034667,0.917296255
New Mexico,Las Cruces,32.3199,-106.7637,"225,000",,10.60%,,*,Cumulative,NM,1.60%,36.4,9.1,3.8584,0.9646,"36,381",12.34,703.7,28.60%,37.00%,35.60%,31.60%,24.20%,17.40%,11.30%,7.70%,0.20%,-4.70%,-9.60%,0.899034667,0.917296255
New York,New York City (NY Portion),40.7128,-74.006,"13,000,000","19,867,248",65.40%,99.90%,*,Cumulative,NY,3.40%,76.2,19.05,49.8348,12.4587,"76,160",22.73,762.4,18.40%,17.10%,21.40%,22.50%,22.40%,21.60%,20.70%,18.30%,16.70%,14.90%,13.60%,1.656001457,0.993813649
New York,Rural New York,43.2994,-74.2179,"3,117,248",,15.70%,,*,Cumulative,NY,3.40%,76.2,19.05,11.9634,2.99085,"76,160",22.73,762.4,18.40%,17.10%,21.40%,22.50%,22.40%,21.60%,20.70%,18.30%,16.70%,14.90%,13.60%,1.656001457,0.993813649
New York,Buffalo-Cheektowaga,42.8864,-78.8784,"1,130,000",,5.70%,,*,Cumulative,NY,3.40%,76.2,19.05,4.3434,1.08585,"76,160",22.73,762.4,18.40%,17.10%,21.40%,22.50%,22.40%,21.60%,20.70%,18.30%,16.70%,14.90%,13.60%,1.656001457,0.993813649
New York,Rochester,43.1566,-77.6088,"1,060,000",,5.30%,,*,Cumulative,NY,3.40%,76.2,19.05,4.0386,1.00965,"76,160",22.73,762.4,18.40%,17.10%,21.40%,22.50%,22.40%,21.60%,20.70%,18.30%,16.70%,14.90%,13.60%,1.656001457,0.993813649
New York,Albany-Schenectady-Troy,42.6526,-73.7562,"900,000",,4.50%,,*,Cumulative,NY,3.40%,76.2,19.05,3.429,0.85725,"76,160",22.73,762.4,18.40%,17.10%,21.40%,22.50%,22.40%,21.60%,20.70%,18.30%,16.70%,14.90%,13.60%,1.656001457,0.993813649
New York,Syracuse,43.0481,-76.1474,"660,000",,3.30%,,*,Cumulative,NY,3.40%,76.2,19.05,2.5146,0.62865,"76,160",22.73,762.4,18.40%,17.10%,21.40%,22.50%,22.40%,21.60%,20.70%,18.30%,16.70%,14.90%,13.60%,1.656001457,0.993813649
North Carolina,Rural North Carolina,35.7596,-79.0193,"5,106,024",,46.20%,,*,Cumulative,NC,0.60%,12.6,3.15,5.8212,1.4553,"12,578",10.36,593.4,30.40%,27.30%,25.80%,24.60%,20.60%,14.40%,14.30%,10.20%,6.30%,4.60%,-2.20%,0.75478113,0.773516552
North Carolina,Charlotte-Concord (NC Portion),35.2271,-80.8431,"2,300,000","11,046,024",20.80%,100.00%,*,Cumulative,NC,0.60%,12.6,3.15,2.6208,0.6552,"12,578",10.36,593.4,30.40%,27.30%,25.80%,24.60%,20.60%,14.40%,14.30%,10.20%,6.30%,4.60%,-2.20%,0.75478113,0.773516552
North Carolina,Raleigh-Cary,35.7796,-78.6382,"1,500,000",,13.60%,,*,Cumulative,NC,0.60%,12.6,3.15,1.7136,0.4284,"12,578",10.36,593.4,30.40%,27.30%,25.80%,24.60%,20.60%,14.40%,14.30%,10.20%,6.30%,4.60%,-2.20%,0.75478113,0.773516552
North Carolina,Greensboro-High Point,36.0726,-79.792,"780,000",,7.10%,,*,Cumulative,NC,0.60%,12.6,3.15,0.8946,0.22365,"12,578",10.36,593.4,30.40%,27.30%,25.80%,24.60%,20.60%,14.40%,14.30%,10.20%,6.30%,4.60%,-2.20%,0.75478113,0.773516552
North Carolina,Winston-Salem,36.0999,-80.2442,"690,000",,6.20%,,*,Cumulative,NC,0.60%,12.6,3.15,0.7812,0.1953,"12,578",10.36,593.4,30.40%,27.30%,25.80%,24.60%,20.60%,14.40%,14.30%,10.20%,6.30%,4.60%,-2.20%,0.75478113,0.773516552
North Carolina,Durham-Chapel Hill,35.994,-78.8986,"670,000",,6.10%,,*,Cumulative,NC,0.60%,12.6,3.15,0.7686,0.19215,"12,578",10.36,593.4,30.40%,27.30%,25.80%,24.60%,20.60%,14.40%,14.30%,10.20%,6.30%,4.60%,-2.20%,0.75478113,0.773516552
North Dakota,Rural North Dakota,47.5515,-101.002,"471,568",,59.20%,,*,Cumulative,ND,0.80%,16.9,4.225,10.0048,2.5012,"16,896",7.73,920.1,28.30%,26.70%,26.00%,25.00%,20.80%,19.10%,26.70%,24.90%,23.50%,22.40%,8.10%,0.563171635,1.199380822
North Dakota,Fargo (ND Portion),46.8772,-96.7898,"190,000","796,568",23.80%,99.90%,*,Cumulative,ND,0.80%,16.9,4.225,4.0222,1.00555,"16,896",7.73,920.1,28.30%,26.70%,26.00%,25.00%,20.80%,19.10%,26.70%,24.90%,23.50%,22.40%,8.10%,0.563171635,1.199380822
North Dakota,Bismarck,46.8083,-100.7837,"135,000",,16.90%,,*,Cumulative,ND,0.80%,16.9,4.225,2.8561,0.714025,"16,896",7.73,920.1,28.30%,26.70%,26.00%,25.00%,20.80%,19.10%,26.70%,24.90%,23.50%,22.40%,8.10%,0.563171635,1.199380822
Ohio,Rural Ohio,40.4173,-82.9071,"3,666,050",,30.80%,,*,Cumulative,OH,1.30%,28.3,7.075,8.7164,2.1791,"28,280",12,911.4,29.80%,34.90%,35.70%,28.10%,21.40%,18.20%,23.10%,21.60%,20.10%,18.50%,10.30%,0.874263858,1.188040084
Ohio,Columbus,39.9612,-82.9988,"2,225,377","11,883,304",18.70%,100.00%,*,Cumulative,OH,1.30%,28.3,7.075,5.2921,1.323025,"28,280",12,911.4,29.80%,34.90%,35.70%,28.10%,21.40%,18.20%,23.10%,21.60%,20.10%,18.50%,10.30%,0.874263858,1.188040084
Ohio,Cleveland-Elyria,41.4993,-81.6944,"2,171,877",,18.30%,,*,Cumulative,OH,1.30%,28.3,7.075,5.1789,1.294725,"28,280",12,911.4,29.80%,34.90%,35.70%,28.10%,21.40%,18.20%,23.10%,21.60%,20.10%,18.50%,10.30%,0.874263858,1.188040084
Ohio,Cincinnati (OH Portion),39.1031,-84.512,"1,700,000",,14.30%,,*,Cumulative,OH,1.30%,28.3,7.075,4.0469,1.011725,"28,280",12,911.4,29.80%,34.90%,35.70%,28.10%,21.40%,18.20%,23.10%,21.60%,20.10%,18.50%,10.30%,0.874263858,1.188040084
Ohio,Dayton-Kettering,39.7589,-84.1916,"815,000",,6.90%,,*,Cumulative,OH,1.30%,28.3,7.075,1.9527,0.488175,"28,280",12,911.4,29.80%,34.90%,35.70%,28.10%,21.40%,18.20%,23.10%,21.60%,20.10%,18.50%,10.30%,0.874263858,1.188040084
Ohio,Akron,41.0814,-81.519,"700,000",,5.90%,,*,Cumulative,OH,1.30%,28.3,7.075,1.6697,0.417425,"28,280",12,911.4,29.80%,34.90%,35.70%,28.10%,21.40%,18.20%,23.10%,21.60%,20.10%,18.50%,10.30%,0.874263858,1.188040084
Ohio,Toledo,41.6528,-83.5379,"605,000",,5.10%,,*,Cumulative,OH,1.30%,28.3,7.075,1.4433,0.360825,"28,280",12,911.4,29.80%,34.90%,35.70%,28.10%,21.40%,18.20%,23.10%,21.60%,20.10%,18.50%,10.30%,0.874263858,1.188040084
Oklahoma,Rural Oklahoma,35.0078,-97.0929,"1,595,393",,39.00%,,*,Cumulative,OK,1.90%,43.8,10.95,17.082,4.2705,"43,810",10.18,872,28.30%,26.70%,26.00%,25.00%,20.80%,19.10%,26.70%,24.90%,23.50%,22.40%,8.10%,0.741667173,1.136680879
Oklahoma,Oklahoma City,35.4676,-97.5164,"1,460,000","4,095,393",35.70%,100.10%,*,Cumulative,OK,1.90%,43.8,10.95,15.6366,3.90915,"43,810",10.18,872,28.30%,26.70%,26.00%,25.00%,20.80%,19.10%,26.70%,24.90%,23.50%,22.40%,8.10%,0.741667173,1.136680879
Oklahoma,Tulsa,36.154,-95.9928,"1,040,000",,25.40%,,*,Cumulative,OK,1.90%,43.8,10.95,11.1252,2.7813,"43,810",10.18,872,28.30%,26.70%,26.00%,25.00%,20.80%,19.10%,26.70%,24.90%,23.50%,22.40%,8.10%,0.741667173,1.136680879
Oregon,Portland (OR Portion),45.5051,-122.675,"2,050,000","4,272,371",48.00%,100.00%,*,Cumulative,OR,6.00%,134.1,33.525,64.368,16.092,"134,102",10.62,631.7,34.50%,40.30%,38.90%,35.60%,30.70%,24.50%,18.30%,12.20%,10.20%,8.10%,5.90%,0.773723514,0.823441871
Oregon,Rural Oregon,43.8041,-120.5542,"1,782,371",,41.70%,,*,Cumulative,OR,6.00%,134.1,33.525,55.9197,13.979925,"134,102",10.62,631.7,34.50%,40.30%,38.90%,35.60%,30.70%,24.50%,18.30%,12.20%,10.20%,8.10%,5.90%,0.773723514,0.823441871
Oregon,Salem,44.9429,-123.0351,"440,000",,10.30%,,*,Cumulative,OR,6.00%,134.1,33.525,13.8123,3.453075,"134,102",10.62,631.7,34.50%,40.30%,38.90%,35.60%,30.70%,24.50%,18.30%,12.20%,10.20%,8.10%,5.90%,0.773723514,0.823441871
Pennsylvania,Philadelphia (PA Portion),39.9526,-75.1652,"4,100,000","13,078,751",31.30%,100.00%,*,Cumulative,PA,1.00%,21.9,5.475,6.8547,1.713675,"21,933",12.75,596.9,29.80%,34.90%,35.70%,28.10%,21.40%,18.20%,23.10%,21.60%,20.10%,18.50%,10.30%,0.928905349,0.778078918
Pennsylvania,Rural Pennsylvania,41.2033,-77.1945,"3,943,834",,30.20%,,*,Cumulative,PA,1.00%,21.9,5.475,6.6138,1.65345,"21,933",12.75,596.9,29.80%,34.90%,35.70%,28.10%,21.40%,18.20%,23.10%,21.60%,20.10%,18.50%,10.30%,0.928905349,0.778078918
Pennsylvania,Pittsburgh,40.4406,-79.9959,"2,429,917",,18.60%,,*,Cumulative,PA,1.00%,21.9,5.475,4.0734,1.01835,"21,933",12.75,596.9,29.80%,34.90%,35.70%,28.10%,21.40%,18.20%,23.10%,21.60%,20.10%,18.50%,10.30%,0.928905349,0.778078918
Pennsylvania,Allentown-Bethlehem-Easton,40.6084,-75.4902,"875,000",,6.70%,,*,Cumulative,PA,1.00%,21.9,5.475,1.4673,0.366825,"21,933",12.75,596.9,29.80%,34.90%,35.70%,28.10%,21.40%,18.20%,23.10%,21.60%,20.10%,18.50%,10.30%,0.928905349,0.778078918
Pennsylvania,Harrisburg-Carlisle,40.2732,-76.8867,"605,000",,4.60%,,*,Cumulative,PA,1.00%,21.9,5.475,1.0074,0.25185,"21,933",12.75,596.9,29.80%,34.90%,35.70%,28.10%,21.40%,18.20%,23.10%,21.60%,20.10%,18.50%,10.30%,0.928905349,0.778078918
Pennsylvania,Scranton-Wilkes-Barre,41.409,-75.6624,"565,000",,4.30%,,*,Cumulative,PA,1.00%,21.9,5.475,0.9417,0.235425,"21,933",12.75,596.9,29.80%,34.90%,35.70%,28.10%,21.40%,18.20%,23.10%,21.60%,20.10%,18.50%,10.30%,0.928905349,0.778078918
Pennsylvania,Lancaster,40.0379,-76.3055,"560,000",,4.30%,,*,Cumulative,PA,1.00%,21.9,5.475,0.9417,0.235425,"21,933",12.75,596.9,29.80%,34.90%,35.70%,28.10%,21.40%,18.20%,23.10%,21.60%,20.10%,18.50%,10.30%,0.928905349,0.778078918
Rhode Island,Providence-Warwick (RI Portion),41.824,-71.4128,"1,095,962","1,125,962",98.50%,101.20%,*,Cumulative,RI,0.10%,3,0.75,2.955,0.73875,"2,960",22.43,539.3,20.40%,25.00%,25.00%,26.30%,24.90%,23.50%,22.00%,20.10%,19.70%,17.10%,14.60%,1.634144861,0.70299541
Rhode Island,Norwich-New London (RI Portion),41.824,-71.4128,"30,000",,2.70%,,*,Cumulative,RI,0.10%,3,0.75,0.081,0.02025,"2,960",22.43,539.3,20.40%,25.00%,25.00%,26.30%,24.90%,23.50%,22.00%,20.10%,19.70%,17.10%,14.60%,1.634144861,0.70299541
Rhode Island,Rural Rhode Island,41.5801,-71.4774,0,,0.00%,,*,Cumulative,RI,0.10%,3,0.75,0,0,"2,960",22.43,539.3,20.40%,25.00%,25.00%,26.30%,24.90%,23.50%,22.00%,20.10%,19.70%,17.10%,14.60%,1.634144861,0.70299541
South Carolina,Rural South Carolina,33.8361,-81.1637,"2,818,831",,51.50%,,*,Cumulative,SC,0.80%,18.9,4.725,9.7335,2.433375,"18,918",10.96,593.4,30.40%,27.30%,25.80%,24.60%,20.60%,14.40%,14.30%,10.20%,6.30%,4.60%,-2.20%,0.798494323,0.773516552
South Carolina,Greenville-Anderson,34.8526,-82.394,"960,000","5,478,831",17.50%,100.00%,*,Cumulative,SC,0.80%,18.9,4.725,3.3075,0.826875,"18,918",10.96,593.4,30.40%,27.30%,25.80%,24.60%,20.60%,14.40%,14.30%,10.20%,6.30%,4.60%,-2.20%,0.798494323,0.773516552
South Carolina,Columbia,34.0007,-81.0348,"860,000",,15.70%,,*,Cumulative,SC,0.80%,18.9,4.725,2.9673,0.741825,"18,918",10.96,593.4,30.40%,27.30%,25.80%,24.60%,20.60%,14.40%,14.30%,10.20%,6.30%,4.60%,-2.20%,0.798494323,0.773516552
South Carolina,Charleston-North Charleston,32.7765,-79.9311,"840,000",,15.30%,,*,Cumulative,SC,0.80%,18.9,4.725,2.8917,0.722925,"18,918",10.96,593.4,30.40%,27.30%,25.80%,24.60%,20.60%,14.40%,14.30%,10.20%,6.30%,4.60%,-2.20%,0.798494323,0.773516552
South Dakota,Rural South Dakota,43.9695,-99.9018,"466,669",,50.47%,,*,Cumulative,SD,0.30%,7.8,1.95,3.93666,0.984165,"7,786",11.38,920.1,28.30%,26.70%,26.00%,25.00%,20.80%,19.10%,26.70%,24.90%,23.50%,22.40%,8.10%,0.829093558,1.199380822
South Dakota,Sioux Falls,43.5446,-96.7311,"308,000","924,669",33.30%,99.97%,*,Cumulative,SD,0.30%,7.8,1.95,2.5974,0.64935,"7,786",11.38,920.1,28.30%,26.70%,26.00%,25.00%,20.80%,19.10%,26.70%,24.90%,23.50%,22.40%,8.10%,0.829093558,1.199380822
South Dakota,Rapid City,41.824,-71.4128,"150,000",,16.20%,,*,Cumulative,SD,0.30%,7.8,1.95,1.2636,0.3159,"7,786",11.38,920.1,28.30%,26.70%,26.00%,25.00%,20.80%,19.10%,26.70%,24.90%,23.50%,22.40%,8.10%,0.829093558,1.199380822
Tennessee,Rural Tennessee,35.5175,-86.5804,"2,512,197",,34.80%,,*,Cumulative,TN,0.60%,13.4,3.35,4.6632,1.1658,"13,388",12.98,898.1,28.20%,18.90%,18.90%,15.00%,16.00%,15.20%,17.30%,17.10%,18.40%,21.10%,11.80%,0.945662073,1.170703093
Tennessee,Nashville-Davidson,36.1627,-86.7816,"2,150,553","7,227,750",29.80%,100.10%,*,Cumulative,TN,0.60%,13.4,3.35,3.9932,0.9983,"13,388",12.98,898.1,28.20%,18.90%,18.90%,15.00%,16.00%,15.20%,17.30%,17.10%,18.40%,21.10%,11.80%,0.945662073,1.170703093
Tennessee,Memphis (TN Portion),35.1495,-90.049,"1,050,000",,14.50%,,*,Cumulative,TN,0.60%,13.4,3.35,1.943,0.48575,"13,388",12.98,898.1,28.20%,18.90%,18.90%,15.00%,16.00%,15.20%,17.30%,17.10%,18.40%,21.10%,11.80%,0.945662073,1.170703093
Tennessee,Knoxville,35.9606,-83.9207,"940,000",,13.00%,,*,Cumulative,TN,0.60%,13.4,3.35,1.742,0.4355,"13,388",12.98,898.1,28.20%,18.90%,18.90%,15.00%,16.00%,15.20%,17.30%,17.10%,18.40%,21.10%,11.80%,0.945662073,1.170703093
Tennessee,Chattanooga,35.0456,-85.3097,"575,000",,8.00%,,*,Cumulative,TN,0.60%,13.4,3.35,1.072,0.268,"13,388",12.98,898.1,28.20%,18.90%,18.90%,15.00%,16.00%,15.20%,17.30%,17.10%,18.40%,21.10%,11.80%,0.945662073,1.170703093
Texas,Dallas-Fort Worth-Arlington,32.7767,-96.797,"8,344,032","31,290,831",26.70%,100.00%,*,Cumulative,TX,16.80%,379.5,94.875,101.3265,25.331625,"379,484",9.1,733.9,24.30%,30.20%,32.50%,29.70%,25.60%,25.40%,27.80%,28.00%,28.40%,28.90%,24.90%,0.662983425,0.956662955
Texas,Rural Texas,31.9686,-99.9018,"8,071,974",,25.80%,,*,Cumulative,TX,16.80%,379.5,94.875,97.911,24.47775,"379,484",9.1,733.9,24.30%,30.20%,32.50%,29.70%,25.60%,25.40%,27.80%,28.00%,28.40%,28.90%,24.90%,0.662983425,0.956662955
Texas,Houston-The Woodlands,29.7604,-95.3698,"7,796,182",,24.90%,,*,Cumulative,TX,16.80%,379.5,94.875,94.4955,23.623875,"379,484",9.1,733.9,24.30%,30.20%,32.50%,29.70%,25.60%,25.40%,27.80%,28.00%,28.40%,28.90%,24.90%,0.662983425,0.956662955
Texas,San Antonio-New Braunfels,29.4241,-98.4936,"2,763,006",,8.80%,,*,Cumulative,TX,16.80%,379.5,94.875,33.396,8.349,"379,484",9.1,733.9,24.30%,30.20%,32.50%,29.70%,25.60%,25.40%,27.80%,28.00%,28.40%,28.90%,24.90%,0.662983425,0.956662955
Texas,Austin-Round Rock,30.2672,-97.7431,"2,550,637",,8.20%,,*,Cumulative,TX,16.80%,379.5,94.875,31.119,7.77975,"379,484",9.1,733.9,24.30%,30.20%,32.50%,29.70%,25.60%,25.40%,27.80%,28.00%,28.40%,28.90%,24.90%,0.662983425,0.956662955
Texas,McAllen-Edinburg-Mission,26.2034,-98.23,"890,000",,2.80%,,*,Cumulative,TX,16.80%,379.5,94.875,10.626,2.6565,"379,484",9.1,733.9,24.30%,30.20%,32.50%,29.70%,25.60%,25.40%,27.80%,28.00%,28.40%,28.90%,24.90%,0.662983425,0.956662955
Texas,El Paso,31.7619,-106.485,"875,000",,2.80%,,*,Cumulative,TX,16.80%,379.5,94.875,10.626,2.6565,"379,484",9.1,733.9,24.30%,30.20%,32.50%,29.70%,25.60%,25.40%,27.80%,28.00%,28.40%,28.90%,24.90%,0.662983425,0.956662955
Utah,Salt Lake City,40.7608,-111.891,"1,270,000","3,503,613",36.20%,100.00%,*,Cumulative,UT,2.70%,60.2,15.05,21.7924,5.4481,"60,209",11.1,631.7,34.50%,40.30%,38.90%,35.60%,30.70%,24.50%,18.30%,12.20%,10.20%,8.10%,5.90%,0.808694068,0.823441871
Utah,Rural Utah,39.321,-111.0937,"803,613",,23.00%,,*,Cumulative,UT,2.70%,60.2,15.05,13.846,3.4615,"60,209",11.1,631.7,34.50%,40.30%,38.90%,35.60%,30.70%,24.50%,18.30%,12.20%,10.20%,8.10%,5.90%,0.808694068,0.823441871
Utah,Provo-Orem,41.223,-111.9738,"720,000",,20.50%,,*,Cumulative,UT,2.70%,60.2,15.05,12.341,3.08525,"60,209",11.1,631.7,34.50%,40.30%,38.90%,35.60%,30.70%,24.50%,18.30%,12.20%,10.20%,8.10%,5.90%,0.808694068,0.823441871
Utah,Ogden-Clearfield,40.2338,-111.6585,"710,000",,20.30%,,*,Cumulative,UT,2.70%,60.2,15.05,12.2206,3.05515,"60,209",11.1,631.7,34.50%,40.30%,38.90%,35.60%,30.70%,24.50%,18.30%,12.20%,10.20%,8.10%,5.90%,0.808694068,0.823441871
Vermont,Rural Vermont,44.0687,-72.6658,"361,493",,55.74%,,*,Cumulative,VT,0.00%,0.4,0.1,0.22296,0.05574,395,20.52,539.3,20.40%,25.00%,25.00%,26.30%,24.90%,23.50%,22.00%,20.10%,19.70%,17.10%,14.60%,1.494991197,0.70299541
Vermont,Burlington-South Burlington,44.4759,-73.2121,"230,000","648,493",35.50%,100.04%,*,Cumulative,VT,0.00%,0.4,0.1,0.142,0.0355,395,20.52,539.3,20.40%,25.00%,25.00%,26.30%,24.90%,23.50%,22.00%,20.10%,19.70%,17.10%,14.60%,1.494991197,0.70299541
Vermont,Rutland,43.6106,-72.9726,"57,000",,8.80%,,*,Cumulative,VT,0.00%,0.4,0.1,0.0352,0.0088,395,20.52,539.3,20.40%,25.00%,25.00%,26.30%,24.90%,23.50%,22.00%,20.10%,19.70%,17.10%,14.60%,1.494991197,0.70299541
Virginia,Northern Virginia (DC Suburbs),38.8462,-77.3064,"3,077,537","8,811,195",34.90%,100.00%,*,Cumulative,VA,1.70%,38.3,9.575,13.3667,3.341675,"38,294",9.96,593.4,29.80%,34.90%,35.70%,28.10%,21.40%,18.20%,23.10%,21.60%,20.10%,18.50%,10.30%,0.725639002,0.773516552
Virginia,Rural Virginia,37.4316,-78.6569,"2,589,380",,29.40%,,*,Cumulative,VA,1.70%,38.3,9.575,11.2602,2.81505,"38,294",9.96,593.4,29.80%,34.90%,35.70%,28.10%,21.40%,18.20%,23.10%,21.60%,20.10%,18.50%,10.30%,0.725639002,0.773516552
Virginia,Virginia Beach-Norfolk,36.8529,-75.978,"1,794,278",,20.40%,,*,Cumulative,VA,1.70%,38.3,9.575,7.8132,1.9533,"38,294",9.96,593.4,29.80%,34.90%,35.70%,28.10%,21.40%,18.20%,23.10%,21.60%,20.10%,18.50%,10.30%,0.725639002,0.773516552
Virginia,Richmond,37.5407,-77.436,"1,350,000",,15.30%,,*,Cumulative,VA,1.70%,38.3,9.575,5.8599,1.464975,"38,294",9.96,593.4,29.80%,34.90%,35.70%,28.10%,21.40%,18.20%,23.10%,21.60%,20.10%,18.50%,10.30%,0.725639002,0.773516552
Washington,Seattle-Tacoma-Bellevue,47.6062,-122.3321,"4,145,494","7,958,180",52.10%,100.00%,*,Cumulative,WA,2.50%,57.2,14.3,29.8012,7.4503,"57,185",10.99,631.7,34.50%,40.30%,38.90%,35.60%,30.70%,24.50%,18.30%,12.20%,10.20%,8.10%,5.90%,0.800679983,0.823441871
Washington,Rural Washington,47.7511,-120.7401,"3,202,686",,40.20%,,*,Cumulative,WA,2.50%,57.2,14.3,22.9944,5.7486,"57,185",10.99,631.7,34.50%,40.30%,38.90%,35.60%,30.70%,24.50%,18.30%,12.20%,10.20%,8.10%,5.90%,0.800679983,0.823441871
Washington,Spokane,47.6588,-117.426,"610,000",,7.70%,,*,Cumulative,WA,2.50%,57.2,14.3,4.4044,1.1011,"57,185",10.99,631.7,34.50%,40.30%,38.90%,35.60%,30.70%,24.50%,18.30%,12.20%,10.20%,8.10%,5.90%,0.800679983,0.823441871
West Virginia,Rural West Virginia,38.5976,-80.4549,"1,374,979",,77.68%,,*,Cumulative,WV,0.70%,15.9,3.975,12.35112,3.08778,"15,852",11.77,911.4,29.80%,34.90%,35.70%,28.10%,21.40%,18.20%,23.10%,21.60%,20.10%,18.50%,10.30%,0.857507134,1.188040084
West Virginia,Charleston,38.3498,-81.6326,"205,000",,11.60%,,*,Cumulative,WV,0.70%,15.9,3.975,1.8444,0.4611,"15,852",11.77,911.4,29.80%,34.90%,35.70%,28.10%,21.40%,18.20%,23.10%,21.60%,20.10%,18.50%,10.30%,0.857507134,1.188040084
West Virginia,Huntington (WV Portion),38.4192,-82.4452,"190,000","1,769,979",10.70%,99.98%,*,Cumulative,WV,0.70%,15.9,3.975,1.7013,0.425325,"15,852",11.77,911.4,29.80%,34.90%,35.70%,28.10%,21.40%,18.20%,23.10%,21.60%,20.10%,18.50%,10.30%,0.857507134,1.188040084
Wisconsin,Rural Wisconsin,43.7844,-88.7879,"3,690,975",,61.90%,,*,Cumulative,WI,0.90%,19.7,4.925,12.1943,3.048575,"19,691",13.42,"1,397.30",17.70%,10.30%,10.30%,13.20%,8.60%,7.10%,10.60%,8.20%,7.50%,4.20%,-2.50%,0.977718414,1.821426826
Wisconsin,Milwaukee-Waukesha,43.0389,-87.9065,"1,560,000","5,960,975",26.20%,100.00%,*,Cumulative,WI,0.90%,19.7,4.925,5.1614,1.29035,"19,691",13.42,"1,397.30",17.70%,10.30%,10.30%,13.20%,8.60%,7.10%,10.60%,8.20%,7.50%,4.20%,-2.50%,0.977718414,1.821426826
Wisconsin,Madison,43.0731,-89.4012,"710,000",,11.90%,,*,Cumulative,WI,0.90%,19.7,4.925,2.3443,0.586075,"19,691",13.42,"1,397.30",17.70%,10.30%,10.30%,13.20%,8.60%,7.10%,10.60%,8.20%,7.50%,4.20%,-2.50%,0.977718414,1.821426826
Wyoming,Rural Wyoming,43.0759,-107.2903,"427,618",,72.77%,,*,Cumulative,WY,0.80%,17.4,4.35,12.66198,3.165495,"17,408",9.6,862,34.50%,40.30%,38.90%,35.60%,30.70%,24.50%,18.30%,12.20%,10.20%,8.10%,5.90%,0.699411086,1.123645548
Wyoming,Cheyenne,41.14,-104.8202,"102,000","587,618",17.40%,100.07%,*,Cumulative,WY,0.80%,17.4,4.35,3.0276,0.7569,"17,408",9.6,862,34.50%,40.30%,38.90%,35.60%,30.70%,24.50%,18.30%,12.20%,10.20%,8.10%,5.90%,0.699411086,1.123645548
Wyoming,Casper,42.8501,-106.3252,"58,000",,9.90%,,*,Cumulative,WY,0.80%,17.4,4.35,1.7226,0.43065,"17,408",9.6,862,34.50%,40.30%,38.90%,35.60%,30.70%,24.50%,18.30%,12.20%,10.20%,8.10%,5.90%,0.699411086,1.123645548